	Time-avg	DelayS-avg	DelayS-min	DelayS-max	DlryRt-avg	DlryRt-min	DlryRt-max	OverH-avg	OverH-min	OverH-max	DataTrnsf-avg	DataTrnsf-min	DataTrnsf-max	HopCount-avg	HopCount-min	HopCount-max
0	3530.49266667	188.451781909	45.9766116541	650.73752763	0.81192	0.4694	0.9996	17.2216453972	3.64150140695	64.1002378582	19256.274424	10346.4364919	31184.4175406	1.72126876927	1.25895648028	2.46544391061
1	2000.49266667	120.451781909	50.9766116541	500.73752763	0.70000	0.5000	0.8888	20.2216453972	4.64150140695	60.1002378582	20000.274424	11111.4364919	33333.4175406	1.50126876927	1.20895648028	2.60544391061
